{"cameraMode":{"drawMode":0,"name":"Shaded","section":"Shading Mode"},"sceneLighting":true,"audioPlay":false,"sceneViewState":{"showFog":true,"showMaterialUpdate":true,"showSkybox":true,"showFlares":true,"showImageEffects":true,"showParticleSystems":true,"showVisualEffectGraphs":true,"m_FxEnabled":true},"in2DMode":false,"pivot":{"x":0.5260846614837647,"y":0.17526757717132569,"z":-1.3002753257751465},"rotation":{"x":0.09139996021986008,"y":-0.299859881401062,"z":0.02887532114982605,"w":0.9491559267044067},"size":8.162930488586426,"orthographic":false}